97223,Portland,Washington
97224,Portland,Washington
97225,Portland,Washington
97229,Portland,Washington
97281,Portland,Washington
97291,Portland,Washington
97298,Portland,Washington
97201,Portland,Multnomah
97202,Portland,Multnomah
97203,Portland,Multnomah
97204,Portland,Multnomah
97205,Portland,Multnomah
97206,Portland,Multnomah
97207,Portland,Multnomah
97208,Portland,Multnomah
97209,Portland,Multnomah
97210,Portland,Multnomah
97211,Portland,Multnomah
97212,Portland,Multnomah
97213,Portland,Multnomah
97214,Portland,Multnomah
97215,Portland,Multnomah
97216,Portland,Multnomah
97217,Portland,Multnomah
97218,Portland,Multnomah
97219,Portland,Multnomah
97220,Portland,Multnomah
97221,Portland,Multnomah
97227,Portland,Multnomah
97228,Portland,Multnomah
97230,Portland,Multnomah
97231,Portland,Multnomah
97232,Portland,Multnomah
97233,Portland,Multnomah
97236,Portland,Multnomah
97238,Portland,Multnomah
97239,Portland,Multnomah
97240,Portland,Multnomah
97242,Portland,Multnomah
97251,Portland,Multnomah
97253,Portland,Multnomah
97254,Portland,Multnomah
97255,Portland,Multnomah
97256,Portland,Multnomah
97258,Portland,Multnomah
97259,Portland,Multnomah
97266,Portland,Multnomah
97271,Portland,Multnomah
97272,Portland,Multnomah
97280,Portland,Multnomah
97282,Portland,Multnomah
97283,Portland,Multnomah
97286,Portland,Multnomah
97290,Portland,Multnomah
97292,Portland,Multnomah
97293,Portland,Multnomah
97294,Portland,Multnomah
97296,Portland,Multnomah
97299,Portland,Multnomah
97222,Portland,Clackamas
97267,Portland,Clackamas
97268,Portland,Clackamas
97269,Portland,Clackamas
